index,caption
0,Two young guys with shaggy hair look at their hands while hanging out in the yard .
1,Several men in hard hats are operating a giant pulley system .
2,A child in a pink dress is climbing up a set of stairs in an entry way .
3,Someone in a blue shirt and hat is standing on stair and leaning against a window .
4,Two men  one in a gray shirt  one in a black shirt  standing near a stove .
5,Two people in the photo are playing the guitar and the other is poking at him .
6,A man sits in a chair while holding a large stuffed animal of a lion .
7,A girl is on rollerskates talking on her cellphone standing in a parking lot .
8,An asian man wearing a black suit stands near a dark-haired woman and a brown-haired woman .
9,Two men in Germany jumping over a rail at the same time without shirts .
10,Five ballet dancers caught mid jump in a dancing studio with sunlight coming through a window .
11,Three young men and a young woman wearing sneakers are leaping in midair at the top of a flight of concrete stairs .
12,A black dog and a white dog with brown spots are staring at each other in the street .
13,A man with reflective safety clothes and ear protection drives a John Deere tractor on a road .
14,Some women are standing in front of a bus with buildings behind it .
15,A young woman with dark hair and wearing glasses is putting white powder on a cake using a sifter .
16,A small girl in the grass plays with fingerpaints in front of a white canvas with a rainbow on it .
17,a man sleeping on a bench outside with a white and black dog sitting next to him .
18,A group of adults  inside a home  sitting on chairs arranged in a circle  playing a type of musical instruments .
19,Two women  both wearing glasses  are playing clarinets and an elderly woman is playing a stringed instrument .
20,A person in gray stands alone on a structure outdoors in the dark .
21,A man in a white t-shirt looks toward the camera surrounded by a crowd near a metro station .
22,A man with a goatee in a black shirt and white latex gloves is using a tattoo gun to place a tattoo on someone 's back .
23,two children  a girl and a boy are practicing their writing .
24,A man in a blue hard hat and orange safety vest stands in an intersection while holding a flag .
25,The man with pierced ears is wearing glasses and an orange hat .
26,A person with long gray hair has a beret with beige and white wearing a blue raincoat is painting a marketplace scenery surrounded by other artists and paintings .
27,A man stands on one foot while holding on to a waste basket .
28,A small child grips onto the red ropes at the playground .
29,Young man in jacket holding a toothpick with something on the end of it
30,Young blond man in a blue and yellow jacket smiling while standing in front of a net .
31,A man with a baseball cap and black jacket stands in a bathroom while holding a coffee mug .
32,Five people walking with a multicolored sky in the background .
33,A man with black hair sits in a restaurant with a glass of beer .
34,A black and white dog is running in a grassy garden surrounded by a white fence .
35,An officer in a reflective vest stands at the front of his van with his dog .
36," The "" white out "" conditions of snow on the ground seem to almost obliverate the details of a man dressed for the cold weather in a heavy jacket and red hat riding a bicycle in a suburban neighborhood ."
37,Five men  uniformly dressed in white shirts  tie and black slacks converse at the back of an open van .
38,A tan man with a backwards hat looks at the camera while walking through a factory .
39,A caucasian man wearing a short-sleeved black shirt and a dark-skinned woman wearing a sleeveless dress are working at a conveyor .
40,Man wearing a blue and white outfit  holding a broom  with a traditional Asian architecture in the background .
41,two men in florescent vests are standing next to parked cars in front of a small building while one of them converses with a driver and a woman on a bike is seen riding by
42,A little girl in a pink shirt and a little girl in an orange shirt sitting in the grass .
43,A person in tan pants is inside a silver mobile object while people watch .
44,A man in black approaches a strange silver object containing a person  while many onlookers observe from behind a roped off barrier .
45,bride and groom walking side by side out of focus on pathway next to brick building .
46,A little boy plays with a Nintendo GameCube controller inside a McDonald 's .
47,White dog with brown ears standing near water with head turned to one side .
48,A group of people picnicking at picnic tables in front of a playground .
49,Two asian or spanish people  a woman and a man  sitting together in front of a glass window as cars pass .
50,Women are seated at a picnic table eating  while a man in a white t-shirt and a yellow and orange balloon design on his head stands in the background .
51,A young female student performing a downward kick to break a board held by her Karate instructor .
52,Two people are demonstrating martial arts to a crowd and jumping over three youngsters who are crouched on the mat .
53,People on two balconies and a man climbing up a pipe towards the lower balcony getting liquid poured on him .
54,A man with a red jacket is shielding himself from the sun trying to read a piece of paper .
55,Two men are carrying children on their backs down the street on a sunny day in a nice neighborhood .
56,Smiling boy in white shirt and blue jeans in front of rock wall with man in overalls behind him .
57,A mottled black and gray dog in a blue collar jumping over a fallen tree .
58,Men in the business suits are crossing the street  and there are people with placards are gathering on the street .
59,A man in a red long-sleeved shirt bikes over a body of water on a bridge .
60,A barefooted man wearing olive green shorts grilling hotdogs on a small propane grill while holding a blue plastic cup .
61,The white and brown dog is running over the surface of the snow .
62,Man on scooter attracts attention from some of those in large crowd .
63,A person wearing skis looking at framed pictures set up in the snow .
64,Several climbers in a row are climbing the rock while the man in red watches and holds the line .
65,A young gymnast  jumps high in the air  while performing on a balance beam .
66,a boy in a black t-shirt and blue jeans is pushing a toy three wheeler around a small pool .
67,A group of people stand in the back of a truck filled with cotton .
68,a woman with a red jacket and headscarf looks out over a scenic view of a bay through a set of pay binoculars on a viewing deck .
69,A man in a black coat walks past a red spaceship with a parking ticket stuck to its window .
70,Large brown dog running away from the sprinkler in the grass .
71,A man and a little girl happily posing in front of their cart in a supermarket .
72,A dog prepares to catch a thrown object in a field with nearby cars .
73,A man wearing a green shirt and a dark colored vest is sitting at a table with a glass of water in front of him .
74,A white dog is trying to catch a ball in midair over a grassy field .
75,Two men are hiking in a forest where snow is partially covering the ground .
76,An elderly man with facial hair and glasses  standing in his living room holding a hutch cabinet with glass doors .
77,two guys sitting on the floor  with the guy in the green jacket reading a piece of paper .
78,A bearded man wearing glasses  a red shirt  and a hat is reading a map while sitting in a car .
79,a large lake with a lone duck swimming in it with several people around the edge of it .
80,A couple and an infant  being held by the male  sitting next to a pond with a nearby stroller .
81,Three men are standing at night near a black car near a shelter filled with bicycles .
82,A black lab with tags frolicks in the water .
83,A man is drilling through the frozen ice of a pond .
84,Two different breeds of brown and white dogs play on the beach .
85,an ice climber in a blue jacket and black pants is scaling a frozen ice wall .
86,Two young men and a young lady walk through a field near the water .
87,A man in black attire shovels snow into the street  disregarding all public safety .
88,A couple in their wedding attire stand behind a table with a wedding cake and flowers .
89,Five snowmobile riders all wearing helmets and goggles line up in a snowy clearing in a forest in front of their snowmobiles ; they are all wearing black snow pants and from left to right they are wearing a black coat  white coat  red coat  blue coat  and black coat .
90,A black dog carries a green toy in his mouth as he walks through the grass .
91,A group of woman and children are standing or sitting in front of rows of vegetables .
92,A band is playing in front of an audience and the singer is wearing an orange shirt and has tattoos on his arm .
93,A young woman with short blond-hair wearing jeans and a striped long-sleeved sweater jumping in midair on a skateboard with trees in the background .
94,A man and a little boy in blue life jackets are rowing a yellow canoe .
95,A little boy looks at the camera while a woman behind him seems to be laughing very hard and the woman on the right has a big smile on her face .
96,A construction site on a street with three men working .
97,Two men sitting on the roof of a house while another one stands on a ladder .
98,Two men  one younger guy with a yellow shirt that has luggage and the other and older guy  are sitting on a bench in front of a large building that has a billboard for glasses and sunglasses .
99,An adult wearing a gray shirt with red sleeves sleeping on a couch .
100,Boy in brown shirt with headphones on sits on woman 's shoulders in a crowd .
101,During a gay pride parade in an Asian city  some people hold up rainbow flags to show support .
102,A young man in a blue sweater cleaning fish while three other men watch  one a man a cigarette  or match in his month .
103,Woman in a green dress with a white top and red-hair singing in a room with a blue roof while band equipment is being prepared .
104,Four college-aged individuals - two males and two females - sitting on the concrete steps outside of a brick building
105,The Chocolate Lab jumps too late to get the toy as the Black Lab captures it in the driveway .
106,A young male kneeling in front of a hockey goal with a hockey stick in his right hand .
107,The man with the backpack is sitting in a buildings courtyard in front of an art sculpture reading .
108,A toddler in a blue shirt with red shorts and hat looks out from behind a fenced in area of a brick patio .
109,Two men  standing on an ice  looking into something covered with a blue tarp .
110,Three dogs are standing in the grass and a person is sitting next to them
111,There is a skyscraper in the distance with a man walking in front of the camera .
112,A woman wearing a brown dress with a matching turban is pushing a toddler through a park in his stroller .
113,A Asian male wearing a red shirt is sitting next to a grocery stand selling fruits .
114,a young child with a Band-Aid on his head sits eating at a small white table with a little girl eating off a yellow plate .
115,A small boy putting something in his mouth with both hands .
116,A man with wild hair rocks a show playing a guitar center stage .
117,A person in a green outfit and helmet is swinging a baseball bat at a tennis ball in front of a fence .
118,A man in a green shirt and red life jacket is sitting in a canoe drifting around the lake .
119,A man in black with long hair playing a guitar with stickers on it .
120,A man in a black shirt crouches next to a dirty unfinished concrete edge while several shovels and other tools lean against a tree nearby .
121,A Caucasian young woman in a white hooded sweatshirt sits at a table set for two in a lowly lit restaurant .
122,A woman in a blue shirt and sunglasses lies on a red blanket in a grassy field with a bike set down next to her .
123,Someone is standing on a long bridge with a cloudy blue sky in the background .
124,A bride in a light pink dress poses for a picture with male relatives and is being photographed by a man in a cream shirt with white pants .
125,Young white boy on a grassy area with a sad expression on his face .
126,A man is cooking what appears to be green beans in a grill basket on a grill with a yellow lab standing by him while someone takes a picture from above .
127,Three people are on a hilltop overlooking a green valley .
128,A group of tourists is crossing a bridge that connects a walking path to a trail of nature .
129,A young boy wearing a jersey looks down over a ledge at many boats in the water .
130,A older man holds an object and is looking at two young girls that sit across from him at a table that is outside .
131,A man is holding the hand of a woman up to his mouth in front of some buildings while another man looks on .
132,A man with glasses is sitting a chair playing the oboe while a man in a purple shirt plays percussion and spectators look on .
133,A group of 11 people in winter wear such as beanies  skiing jackets  gloves and backpacks are standing in snow paddles outside a house made of ice blocks while a person in front of the door seems to be leading them .
134,A baseball player in red leaps into the air to avoid a player in blue  who is shortly behind him as he catches the ball  while other blue team members look on in the background .
135,A man in the foreground wearing a white shirt and black pants riding a bicycle with a basket in a busy street .
136,A man on a ladder is painting a brick wall in a warehouse .
137,A man wearing a hat and a white shirt is cleaning windows .
138,a blond-haired man with glasses and a blank tank top is sitting next to another man with glasses and headphones while sitting on a train .
139,Juggling her shopping bags and Betty Boop backpack and young woman crosses a city street .
140,A young man sits on the floor by the television with a fast food meal in front of him .
141,Several asian people are eating together around a table .
142,A woman with flowers in her hair balances a large bowl of assorted fruits on her head .
143,A man wearing a gray jacket and blue work pants is standing in a hole in the ground
144,A shirtless young boy on a bicycle too big for him being supported by 3 other young shirtless boys in a grass field .
145,A man in a bandanna and a dirty t-shirt  and a woman in a graphic t-shirt  are standing next to a oblong hole with smoke coming out .
146,This little baby girl dressed whimsically in striped pantaloons is pictured so that one must ask which is bigger  her feet or her sleepy smile .
147,An African individual is looking into the camera while dressed in varying beads and decorations that have a cultural relevance .
148,A samurai warrior in full black dress takes his sword from the sheath on an outdoor training mat .
149,a couple of several people sitting on a ledge overlooking the beach
150,A group of men and women are hiking through a dried up river bed littered with large rocks  which runs between two rocky walls in a dense green forest .
151,A man with a badge is standing on a wood floor next to a structure .
152,Two women in colorful dresses are sweeping water out of the street while a man watches .
153,Two separate women  one wearing a white top and black pants  the other wearing all black and a pair of pink flip-flops  kneel on a gray brick sidewalk path in front of green and red bushes .
154,A young girl wearing a multicolored holding an orange ball in her right hand walking through bright green grass behind a house
155,A young child wearing a blue shirt and sandals playing with a red toy while sitting on the floor .
156,A little boy skateboarder is doing a trick on his board while another young skateboarder watches .
157,Two little children  one boy and one girl  laugh as they sit on the grass .
158,Young woman holding a bottle  reaching out from a bench to shake a man 's hand .
159,Man talking on a microphone and a crowd of people in front of him .
160,A girl paddling down a large river  as seen from behind her .
161,a girl with pigtails is playing in the ocean by the beach .
162,A woman in jeans and a red coat and carrying a multicolored handbag spreads put her arms while leaping up from a cobblestone street .
163,Two people sitting beside each other at a table with food on it smiling .
164,White wine and appetizers on are displayed in an upscale restaurant .
165,A group of four children wearing pajamas have a pillow fight .
166,Two construction workers are sitting up on the side of a building .
167,A smiling little boy holds a hand mixer in a bowl .
168,Two boys  one with a yellow and orange ball  play in some water in front of a field .
169,A woman with blond-hair wearing a blue tube top is waving on the side of the street .
170,A young girl sits on a seat and looks at a train pamphlet .
171,Two Asian girls laughing  as the girl on the right holds an instrument .
172,Several people jogging outside on a sunny day in what seems to be a neighborhood  could be part of a marathon .
173,Two dogs run towards each other on a rocky area with water in the background .
174,A kid jumps off the diving board and into the swimming pool below .
175,A guy stands by a window taking his overshirt off .
176,A white dog is running down a rocky beach .
177,A young man is bathing  with only his shorts on  in a large wooden pale .
178,A person is sleeping on a bench on the sidewalk  across the street from a bus stop .
179,Two young girls are playing in the forest ; the younger one is climbing a short tree and is about 2 feet off the ground .
180,It looks as though a soldier is sleeping in a car on his way home after a deployment .
181,Pink shirted woman sleeping in a car with blue and white blanket on her .
182,One man wearing a white shirt is flipping a pancake by flinging it into the air .
183,Firefighters converse with a man at the scene of an emergency .
184,A few firefighters  wearing black  yellow  and pink jackets  standing next to a firetruck .
185,A man is kneeling down with a child on a beach where bright blue and red boats are stationed in the background .
186,A man in an orange hard hat and vest looks at an object in his hand while the man next to him stands on a ladder in order to reach the ceiling .
187,A newsstand so packed with magazines  candy and coke-a-cola products that the smiling woman working behind the counter is easy to miss .
188,A large earth moving machine creating a track with a man watching it closely with what looks like surveying equipment .
189,A man sitting down with this head resting on his fists next to a man with his eyes closed and his together with dough sitting on a table in front of them both .
190,Four men are sitting near a tree talking while another stands looking at a body of water and another is rowing a boat .
191,A young boy in swimming trunks is walking with his arms outstretched on the beach .
192,A skier is overlooking the beautiful white snow covered landscape .
193,Kids riding on their bicycles near a mound of dirt with a hovel from a backhoe in front of the mound .
194,A bunch of people in racing gear and helmets racing bicycles around a corner on wet pavement .
195,A boy in a pink T-shirt is riding a bike over a sand pile while two others are riding in the street .
196,Elderly man with cane bends down to look at some plants and is steadied from behind .
197,A male surgeon wearing a red cap and teal scrubs performing surgery with two other men wearing teal scrubs .
198,A black and white dog is attempting to catch a yellow and purple object in a low cut yard .
199,A man lies on a mat in a parking lot between a brown SUV and a yellow pickup with an open door .
200,A white and black dog and a brown dog in sandy terrain .
201,A man in an all black outfit just threw a bowling ball down a lane towards the center of the bowling pins .
202,A man in a black shirt is riding a mule trough the desert  with the sun shining in the background .
203,Two tired-looking men relax on a couch near a wooden trestle table with a coffee cup on it .
204,A man wearing a reflective vest sits on the sidewalk and holds up pamphlets with bicycles on the cover .
205,A multicolor dog jumping to catch a tennis ball in a grassy field .
206,A young helmeted man  in his team uniform  is swinging his bat at an incoming baseball .
207,A man in a yellow shirt and black shorts getting ready to throw a javelin .
208,Seven large balloons are lined up at nighttime near a crowd .
209,A guy sitting at a desk talking on a phone with books laying everywhere .
210,Two brunette women in jackets sitting against a wall and looking at the same magazine .
211,Two men are squatting with one man lighting a stick from a candle flame and the other man has his hands folded looking at the ground while a person wearing a bracelet has a phone to their ear .
212,A young man is walking through a busy street beside a mall .
213,A little boy rides a bike down a hill on a miniature dirt bike .
214,A group of people sit around a table outside on a porch at night .
215,A man in a brown shirt and dark shorts plays on the beach with his two black dogs .
216,A child covered in foam is climbing on a black inflatable ramp .
217,A couple is sitting in a blue raft watching a lot of people in bathing suits on a boat .
218,A girl with blond-hair is holding a bottle and wearing a blue and green floral bikini on a boat .
219,A boy in blue swimming trunks slides down a yellow slide into a wading pool with inflatable toys floating in the water .
220,A man in water throwing a little boy up in the air and waiting for him to come down so he can catch him .
221,A large group of people traveling down a countryside road in the back of a small pickup truck while one person is walking along side the truck .
222,Two people are preparing food in a restaurant kitchen .
223,Two young boys are looking at the camera  one smiling  the other sticking his tongue out .
224,A person with brown pants is sitting around a fenced area that has sparks flying .
225,A mother decides to take her child on a piggyback ride outside their apartment complex .
226,A woman is resting against a cross shaped pole while looking towards a large body of water .
227,A group of people on a riverbank some sitting on the grass some standing .
228,A male volleyball player in red trunks tries to block the shot of the opposing player during a professional volleyball game .
229,Two men shoveling snow off a railroad track dressed in bright orange snowsuits .
230,A blond horse and a blond girl in a black sweatshirt are staring at a fire in a barrel .
231,A group of construction workers dressed in orange safety vest sit on the ground assembling a railroad track .
232,Two gentlemen in baseball caps and shirts  work on the engine of an old  rusted VW beetle .
233,A man kneels on the ground doing some sort of project on his own .
234,A woman wearing a pink shirt and red apron stands in her restaurant holding food and surrounded by bagged breads  a microwave and the chalkboard menu up on the wall .
235,A large brown dog is pushing a small Boston terrier with his face while anouther dog watches .
236,A man and woman sitting on a deck next to a lake .
237,There are workers laying out the tracks for a trolley .
238,A construction worker in a neon vest is working with electrical equipment while sparks fly .
239,A woman with red-brown hair and dark painted fingernails is carefully applying mascara .
240,A white dog is resting its head on a tiled floor with its eyes open .
241,a woman in a yellow shirt and green shorts is climbing an artificial red wall whilst wearing a safety harness .
242,Looks like everyone is getting good gas mileage here with all these beautiful scooters !
243,The regional park police helicopter is preparing to land .
244,An older  male construction worker wearing a yellow vest climbing down from the roof of a building onto scaffolding .
245,A group of people are either standing or sitting  some are wearing hats and scarves  while some are not .
246,A young boy jumping and a young girl sitting in an inflatable pool .
247,Several children playing on a Polaris vehicle outdoors .
248,An older woman stir fries vegetables in a home kitchen  with a counter crowded with jars and bottles in the background .
249,The girl in the salmon colored bikini is standing next to two young people ; one is wearing a black outfit and the other is drinking pop .
250,Two people wearing yellow jackets crosscountry skiing .
251,A lone skier is making their way up a mountain .
252,An Asian man in spectacles and a t-shirt preparing some food .
253,A light brown dog runs down a path happily .
254,A girl sitting on the steps of a building wearing a green short-sleeve shirt  blue jeans  flip-flops holding a cup and writing in a journal with her purse sitting at her feet .
255,People walk across a street as utility workers fix a light .
256,Woman sitting in a red chair with a dressy purple dress on and a book sitting on the arm rest .
257,A woman stands with children on a boardwalk at night overlooking the sea .
258,Six males playing a game in the sand with wooden paddles .
259,A woman is laughing as two small boys play around her and a small girl climbs up her back .
260,A man in a black shirt and black jeans and a little boy are taking a look inside a green truck 's engine while it is parked in a grass field with a gas tank in front of it .
261,A woman dressed in a blue jacket and blue jeans rides a brown horse near a frozen lake and snow-covered mountain .
262,Two golden brown horses pull a sleigh driven by a woman in a blue coat .
263,Woman is enjoying herself being outdoors biking in a forrest preserve .
264,A person climbs a tall  flat mountain while holding onto a safety rope .
265,Spelunkers pose inside a rock cavern while bathed in sunlight from the surface .
266,A group of hikers are resting on the ground in front of some mountains .
267,A woman wearing a blue dress is drawing a picture of a boy and a girl on the sidewalk with sidewalk chalk .
268,Three young adults are sitting around  with the girl pretending to kick one of the guys in the face while laughing  and the guy behind him looks like he 's in midsentence .
269,A group of African American children with their arms above their heads and happy expressions on their faces .
270,A shirtless man jumping off a large concrete structure into a river with his friends watching from the structure .
271,A brown dog plays in a deep pile of snow .
272,A young black person wearing a green shirt and a jacket using a sewing machine .
273,An oriental woman with her fist raised in the air  other oriental people around her  and a black Moped beside her .
274,A woman smiles while holding several green peppers at a grocery stand .
275,An elderly woman with a cane sits in a large wooden chair next to a weaving loom  in a log cabin .
276,A little boy in a striped shirt and blue jeans is blowing bubbles from a red container .
277,A young boy is jumping through water being sprayed up from the ground .
278,The dog is running out of the tunnel on a dog obedience course .
279,A yellow dog and a black and white dog are running in the dirt .
280,Two men barbecuing on the grill with a little girl playing in background .
281,A girl in a floral bathing suit jumping on the beach in front of the waves .
282,A little girl in a blue swimsuit is walking along a wooden fence next to a sandy beach .
283,A man in a white shirt is outside leaning against a rail with hats hanging beside him .
284,A black and white dog is being soaked with a jet of water in a blue paddling pool .
285,A smiling boy swims underwater in a pool .
286,A Little boy in a red striped shirt on a blue couch pulling out all the pillows .
287,A young boy with his foot outstretched aims a toy at the camera in front of a fireplace .
288,A girl in a polka dotted blue jean dress walks barefoot on a balance beam .
289,A boy wearing blue and yellow walking on a cliff edge .
290,A man gestures while facing a woman wearing glasses as they sit inside a restaurant that includes a yellow wall .
291,A snowmobile rider flies through the air on his or her machine in front of tall pine trees .
292,Two helmeted men sit on yellow snowmobiles while another man stands behind watching .
293,A man shovels snow off of a roof while another stands in the contraption that allowed them to reach the high place .
294,A young boy wearing a black shirt  brown pants and a black watch has his hand on a white folded chair which is on the top of a large stack of similar folding chairs .
295,Two buildings beyond a concrete wall facing a walkway with a woman talking on a cellphone .
296,A very young girl playing with a bubble-blowing wand  holding a bottle of bubble solution and walking through a park or field .
297,Three people on ATVs in a brown field turn their heads to look at the camera .
298,A person is riding an orange ATV in a large empty field .
299,A person dressed in a tan jacket jumps a quad over a harvested cornfield in front of a small out building .
300,A girl is sitting on the beach and appears to be approaching a hit on the head by a plastic inflated hammer .
301,A man is cooking a square pancake : he lifts it with his fingers and a spatula to check to see if it is done .
302,A mother and three children collecting garbage from a blue and white garbage can on the street .
303,A boy is jumping off the side of a running stone water fountain in front of a building .
304,Two women hugging in a grassy  fenced field with a cow 's behind in the background .
305,There are two men in orange life vests signaling to a cruise ship docking at a pier .
306,A man in sandals and white cardigan sits on a green bench while talking on his cellphone .
307,A man wearing a white tank top sings into a microphones on a stage with a crowd watching .
308,Three men are riding on an elephant with a shack in the background and two of them are wearing hats .
309,A man in a gray camouflage shirt and gray pants sits under the hood of a blue truck .
310,A young boy  wearing goggles and a heads-up light  and a young girl  are smiling .
311,A dark-haired woman in a green and white apron sits amid her outdoor display of flowers for sale on a city street .
312,Young individuals in uniforms are gathering under the flags of several different countries .
313,A baby is crying while holding on to the side of a crib .
314,A couple is sitting on the sand with their feet in the water  and they are shaking hands .
315,A boy wearing a white t-shirt walks on the grass and carries a soccer ball .
316,A woman is at an ice cream shop and she is waiting for the man to scoop her ice cream .
317,A man is eating alone at a table near another table where a man and woman are seated .
318,People are standing around an American flag that is spread out  facing the wrong direction .
319,A young girl with braids is painting with water colors on a white paper on the wall .
320,A man in aerodynamic gear riding a bicycle down a road around a sharp curve .
321,A little girl in a blue jeans vest is running across the grass and laughing .
322,A gray and black-haired male is holding his glasses in one hand while looking at something in the other hand ; surrounded by numerous amounts of machines .
323,A couple show their affection on an escalator by embracing and kissing one another .
324,A rugby game being played  one man in a green jersey is being lifted up by his teammates with the ball  while a competitor in a red jersey is similarly lifted to tackle him .
325,Two men pushing wheelbarrows  two men looking at them  they are in the desert near some block construction buildings .
326,A young group of friends adorned with face paint and feathered headbands sit on a bench .
327,A woman is surprised to have her picture taken on this fall day outside Spaulding 's women 's store .
328,A woman standing with 3 other people in a store with two tables  some shelves with coffee and tea for sale  and a refrigerated drink case .
329,A man wearing a black jacket and gray slacks  stands on the sidewalk holding a sheet with something printed on it in his hand .
330,A black dog playing fetch with a ball of rope .
331,A young girl is looking through an old fashioned video camera .
332,There is a woman and man wearing orange shirts  playing instruments with sheet paper in front of them .
333,A woman scantily dressed in handsome homemade-looking clothing sits on a wooden step and reads Brazilian author Coelho .
334,A musician plays his electric guitar surrounded by sound equipment .
335,Two hockey teams are shown at the goal where the white team is stopping a goal being made by the blue team .
336,A man in a gray uniform carefully inserts a metal rod into a glowing opening .
337,A small child and an adult walk on the beach in front of ocean waves .
338,Grocery store employee  dressed in a red apron & a baseball cap  sits on a ledge in front of the store .
339,a brown and white dog catches a Frisbee in it mouth in front of a group of people .
340,Two men in a tennis court in a city are standing on either side of the net talking to each other .
341,Two jugglers using flaming torches are performing for a crowd of people who are sitting on steps .
342,A young boy in a yellow shirt is jumping in a grassy area with a younger boy  in a white shirt  standing behind him .
343,A toddler sitting on a pile of rocks holding a rock at a beach .
344,A kid wearing a Gap hat looks into the camera with a funny face and ice cream cone in his hand while a woman looks on from behind him .
345,Five men  one wearing a white shirt standing on something  hanging up a picture of a child .
346,Older man in a hat  yellow shirt and dress slacks playing in the sand with a young boy .
347,A blond child is wearing blue goggles and a green Speedo tank top while swimming underwater .
348,Two Asian men are riding on a motorcycle in the midst of a crowd full of other motorcycle riders .
349,A man and two women are playing a board game at a wooden table while drinking alcohol .
350,Several young people are standing around drinking beverages at some kind of outdoors gathering with food .
351,The person has a striped shirt on and is holding on to a rope on a mountain .
352,The young man with the white t-shirt and jeans is rappeling up the rock wall .
353,A climber wearing a blue helmet and headlamp is attached to a rope on the rock face .
354,The little girl is playing with a toy in a public fountain .
355,A black dog runs along the beach and jumps over a wood barrior .
356,People are eating in a cafeteria with a wood beam and glass ceiling .
357,A woman is standing in a rough hewn structure with a round opening with her head sticking out above the opening .
358,Black and white bird standing on hand of someone holding sunflower seeds
359,The ball boys are waiting on the side lines of the tennis court while they watch the lady hitting the ball .
360,A brown dog is running in the sand .
361,A man is crossing the street and in the distance you can see a building under construction .
362,One gu  wearing blue gloves and a brown vest  with a large camera pointed toward a Conquest trailer with a solar cell at his feet .
363,A small child wades through the water while being guided by another person .
364,Multiple people walking on the pavement with a fence in the background all under the sky with clouds .
365,A little tan dog with large ears running through the grass .
366,A woman is jogging on a sidewalk next to an elevated grassy platform .
367,A man in red pants balancing on a blue object with his hands
368,A brown  black and white dog is running through a large field with its mouth open .
369,A little girl in a pink bathing suit swimming in a pool .
370,A man dressed in white walks a yellow rope on the ground that is attached to the handlebars of a bicycle .
371,a child and a young adult the adult is maybe demonstrating how to do something to teach the young child
372,A young girl does a handstand on a bed with blue sheets .
373,Men with reflective safety jackets on are working on a street intersection with many orange reflective cones .
374,A man in jeans and a yellow safety jacket is working on bricks in the ground .
375,Two men in construction vests are working on the side of a street with machines .
376,Man is standing on white sand and holding a snowboard .
377,A construction worker standing on the roof of a house wearing an orange vest with a yellow hard hat .
378,A man wearing a yellow shirt and tan pants plays golf outside while being watched by other people .
379,Blond girl in a yellow-belt martial arts uniform standing in front of a door and carrying a large trophy .
380,A young boy is falling into a pool of water with a man and a girl watching him .
381,People on ATVs and dirt bikes are traveling along a worn path in a field surrounded by trees .
382,A woman in a red tank top is cutting a hamburger in half with a spatula while opening or closing a drawer with the other hand .
383,A woman wearing a long white t-shirt walking knee deep in the ocean .
384,A man in a suit reading a from a piece of paper in front of a nude sculpture .
385,A little toddler dressed in white is smiling while a lady helps him wave a flag .
386,A man is standing on a small floating raft with a flag .
387,Young man wearing a wear jacket is behind a counter in a jewelry store gazing off into the distance .
388,An older man sits back and relaxes on a patio outside an adobe building where many bicycles are propped .
389,A newlywed couple is taking a picture outside on the steps of a building while other people are walking up and down the steps .
390,A group of young children kick around a ball on a field with a body of water in the background .
391,A woman in an orange top and black sweatpants jumps up with her arms out in front of the ocean on the beach .
392,Two men work together to attach pieces of wood in a room set up for carpentry .
393,A group of people are standing outside at a carnival  near a ride called the Green Jungle .
394,Two girls with purple hair and a short-haired woman are smiling .
395,A man in a business suit talking on the phone and carrying a briefcase walking by a mirrored building .
396,A woman in a pink shit and blue jeans is walking down a somewhat busy street while holding a cup of coffee .
397,A young boy with a shaved head and dirty white collared shirt holds a chicken in his arm .
398,A young girl sitting on a small chair surrounded by what looks like handmade fabrics and bags .
399,A couple sit on a ledge by the water  the woman leaning forward  the man looks out towards the water .
400,A brown and white and a black and white dog hauling in a floating toy from the ocean .
401,There are three young people  one dark-haired holding a bottled drink  one with head tilted back and finger in her mouth  and one with spiked hair .
402,A boy in a striped blue shirt and gray pants  holding a blue scooter  is looking across a river .
403,Blond child with large black coat  multicolored scarf  and knit hat standing in front of a window .
404,A brown dog swims through water outdoors with a tennis ball in its mouth .
405,Two brown dogs are creating large splashes as they run in a river .
406,Two young attractive women in front of a store drop coins for street performers .
407,A red-haired little girl is blowing bubbles in the water of a pool .
408,A black lav runs into the water on the beach  with swimmers in the distance and sea kelp in the foreground .
409,The little boy  in a short-sleeved shirt and shorts  is running outside .
410,A furry dog attempts to dry itself by shaking the water off its coat .
411,Two men with backpacks placed in front of them sitting in front of a railing .
412,Someone holding a piece of  what looks like clear plastic  down on a hard surface while they drill a hole through it .
413,Roller derby girls waiting for the next round of action !
414,The boy in blue shorts is bouncing on the bed .
415,A man is standing with his arms folded looking at something while the person behind him is jumping onto one of the two beds in the room .
416,A young man holds up a piece of wood and a chainsaw as presses a cigarette between his lips .
417,A shirtless man with sunglasses and a helmet is riding a motorcycle next to traffic cones .
418,People waiting to enter a white building through an entry way with an orange handwritten sign to the left of it .
419,A man in a white shirt lays cement on a brick wall .
420,A woman wearing glasses puts her hand on the shoulder of a young child as they sit at a flat wooden surface .
421,A woman in a black top with a shopping bag standing near the train tracks while others read .
422,A snowboarder sits on a slope with skiers and boarders nearby .
423,Many people are walking around shopping in a brightly lit and colorful shopping mall .
424,A woman wearing a green tank top is working on a horse 's shoe .
425,A small child in green clothing walks past a store opening and a woman in pink pants .
426,A group of local cheerleaders in red and white kept our spirits up during the parade .
427,A man in a brown uniform reaching out from an industrial doorway  as if he is going to shut the door .
428,A boy in a red soccer strip is holding his boots in his hand whilst stepping out of a car .
429,This is a teen or young adult with braids in their hair sitting in a chair with a yellow pillow in their lap .
430,A girl holding a drink with a straw in it standing in front of a man kissing her on the cheek as she smiles .
431,A group of people gather in a bar  and one man in a black shirt holds his arm and signals to the camera .
432,A woman in a white and tan striped dress sits in the lap of a man with a tan collared shirt .
433,Family taking a winter walk in a park path while two of the children run ahead of the family .
434,Woman and man walking across wooden rope bridge with a caution sign beside it .
435,A man is helping a girl step down from a colorful truck whilst a woman and three children watch .
436,Two people are hugging and one is wearing a pink-hooded stretch top .
437,A woman in a blue helmet and brown shorts rides her bike on a busy street .
438,A little girl  with long blond-hair and wearing a dress  looking at her refection in a puddle .
439,A man in blue and white biking gear rides down a busy street .
440,A youth with long dirty blond-hair wearing a denim jacket and jeans looks at the conveyor belt of groceries while waiting at a checkout line .
441,A man and a woman  both wearing hiking gear  are standing on the edge of a large canyon .
442,A woman in a blue vest and a sky blue helmet stands with her bicycle in traffic .
443,A person wearing a short-sleeved light blue shirt over a long-sleeved white shirt and blue jeans is holding a long-lensed camera to his face while standing next to a red colored railroad car .
444,A woman wearing a white hat and shirt is jogging down a street with a plant store on the corner .
445,Odd looking young adult playing around a large tree that has big roots .
446,A group of people standing on the lawn in front of a building .
447,Six people are standing in a concrete block building with a piece of plastic and a green basket on the floor .
448,Three young men read the plaque on a wooden cross in a rocky landscape  one young man is talking on his cellphone .
449,A young girl with glasses is kneeling on a stone ledge in front of a mud-filled bucket .
450,A person trying desperately not to be photographed by putting their sweater over their head as they compute .
451,A young man wearing a baseball cap brushes at the base of a statue of Jesus Christ  during the day .
452,Three male figures of different ages stand next to some rocks as they are dwarfed by a large upright wooden cross .
453,Someone is holding a young women on their shoulders for her to be able to reach the area she would like to use a wire brush to scrape off peeling paint .
454,A man is standing on a ladder in front of a cross  while a person is holding the ladder .
455,A child and a man sit on the ground together  ready to use paintbrushes and a bucket .
456,Four men with baseball caps and logo t-shirts laughing together at a table .
457,A boy works on a log that he is using for a project .
458,A man in a white shirt is talking with two men and two women sitting on a bench .
459,Two men talk while the one on the right holds in his left arm  and the one on the right holds a notebook behind him  they are in a field .
460,Young male wearing a hoodie  is performing stunts on his skateboard .
461,a man wearing a blue shirt  standing on the railroad is taking picture of the bridge .
462,A family in an African village sits outside of their home on the ground .
463,A young dark-skinned child in a long blue coat is chasing a ball .
464,People on bicycles waiting at an intersection .
465,A construction worker in jeans is standing on a scaffold holding on to a metal frame with a city backdrop .
466,A little baby dressed in green and yellow wearing a bib cries .
467,A man without a shirt on is guiding a large brown horse pulling a green and yellow wagon .
468,There is a shirtless toned white man standing on a balcony of a construction site and holding some sort of tool .
469,A girl wearing flip-flop sandals swinging on a swing set in a park underneath fluffy white clouds .
470,One man  airborne  wearing an orange sweatshirt and blue jeans  does a skateboarding trick .
471,A child practices hitting a baseball into a net  while two adult men watch .
472,An Elderly man crouches to lift the covering off the grill wear several shish kabab are grilling .
473,A man jogs down a city street  with a line attached to his back that vanishes out of the left side of the picture ; a smiling cyclist rides past .
474," A man in a gray cap  a pink tank top and short skirt  pink-and-black striped socks  and boots juggles knives in front of a brick building whose sign reads "" The Pump Room "" while onlookers watch ."
475,Five Asian doctors in green hospital scrubs and masks having a discussion over what appears to be an ongoing operation .
476,A little boy is standing on the beach with a blue bucket and a green shovel while looking at the water .
477,A young girl wears a shirt and shorts as she plays in the ocean 's surf .
478,Three people  two males and a female  are sitting in front of a tall tree on the ground during a rest from a hike .
479,A man with a pitchfork stands near a bucket of branches across from an apartment complex .
480,An elderly man holding a pitchfork and doing some yard work .
481,A man and dog concentrating on a camera taking their picture in the street .
482,A male figure in a long-sleeve shirt and suspenders is standing in the entry to a black train .
483,Two ladies are cooking & talking and two gentlemen are talking in the opposite site of the kitchen .
484,a young girl wearing a blue shirt marching in a band playing a trumpet
485,A man in tan shorts talking to a young girl in a red shirt .
486,Two young boys in black are fishing as a young blue in blue watches .
487,A woman with a small child in her lap reading a picture book .
488,Two women  sitting at a table  with a green straw inside of a drink .
489,A little toddler boy is crying while walking .
490,Woman dressed in a green hat and apron is holding a tray full of drink samples .
491,Three people are standing in the snow preparing an ice fishing boat .
492,A woman in an outdoor marketplace  wearing a large cone shaped hat  standing behind two large baskets containing loaves of bread .
493,A man in a white and black uniform carries luggage and blankets across a sidewalk outside of a red bricked building .
494,Three people are walking on a lake shore with houses on the other side .
495,A woman in a red swimsuit and blue swim cap swims underwater while wearing a pair of yellow nose plugs .
496,An older bearded gentleman in glasses is reading a book in front of an open laptop  possibly in a classroom .
497,A man in a baseball cap cleans out a blue colored pit outside where colorful Christmas lights hang above him .
498,A barefoot young girl in a pink gown is asleep on a hard wood floor cuddling her baby doll .
499,Person in a brown sweatshirt does a flip in midair over a trampoline with a river and electrical lines in the background .
500,A female washes her medium-sized dog outdoors in a plastic container while a friend secures it with a leash .
501,A child jumping into a lake in a wooded area while another child plays on the shore .
502,A child wearing a gray hat and black jacket while sleeping on a red coat .
503,White-haired man in gray sweater and a straw hat sitting on a bench under a tree .
504,Three children sit on the grass  one laying down  one in overalls smiling and one in green looking through a tote bag .
505,The man in the hooded sweatshirt is controlling the large machine .
506,Three girls are walking across a bridge covered with wood and surrounded by trees .
507,The view from a overlook at the public beach .
508,A woman in a blue shirt with a blue bag passes by a large yard sale with colorful clothes  adults and children within .
509,A man standing up in a boat paddling toward a shore lined with furniture and other large objects .
510,An Asian woman and an African American woman are displaying their culinary dishes .
511,A little girl with a red hood and shirt is sitting with legs sprawled on a rock  her mouth open .
512,Blond woman driving a red bicycle carriage holds the tip of her hat and poses for the camera with a customer seated in the back .
513,A young woman is stirring something in a pot while a young boy wearing a flowered apron stands by her .
514,A woman carried a cake ito the room with three candles as another woman holding a flute glass of wine  holds up her hand .
515,Two Asian women and an Asian girl are sitting at a farmers market and are selling produce including yams .
516,A mountaineer sits in the snow in front of a yellow tent under clear blue sky .
517,A gray dog beside a black and white dog running in green grass .
518,A man in an orange safety vest kneels on a train track while repairing a passenger train .
519,Four men working putting a tree into the ground  two are looking away  while the other two are shoveling the tree into the ground .
520,A man in a red shirt and glasses is bending down towards a small dog on a blanket with several stuffed animals .
521,An elderly woman sits in a chair with a book and smiles at the pretty flowers in her room .
522,At a martial arts demonstration  a few men in white uniforms stand atop one another  doing stunts .
523,Construction workers standing on top of a piece of machinery .
524,Two men in hard hats on the roof of a building that is under construction .
525,A boy in a blue shirt smiles as he sits with his red stuffed animal .
526,A young child in a striped sweatshirt brushes the hair of a younger child .
527,A young man demonstrating his prowess in the martial arts for his girlfriend as she sits on a concrete wall that is part of a general seating area .
528,man in dimly lit kitten cutting on the counter next to stove
529,closeup picture of a man with a nose ring and a brown shirt
530,The man in the yellow t-shirt is pulling a large grin on his face .
531,A boy with a brown shirt is holding onto a person with a white shirt around a spray of water .
532,a man standing in a bar with a neon beer sign hanging on the wall
533,Woman with rolled up jeans throwing a frisbee on the beach .
534,A big brown dog plays with a smaller gray dog on the grass .
535,Metal worker in protective gear and welding face mask works on weld .
536,Three men  each wearing a white shirt and orange shorts  build a sand castle while another man  wearing the same clothing  looks on .
537,Two people are standing on the slopes of a mountain and they have a dog with them .
538,A group of people walk on the sidewalk outside of an AMC movie theater .
539,A girl in blue is jumping on the shore as small waves approach her .
540,A group of different people are walking in all different directions in a city .
541,Closeup of man with glasses blowing a bubble gum bubble in a dimly lit room with a faint ceiling light in the background .
542,A young student receives fencing instruction from his kneeling teacher while a potential opponent and a woman gaze behind them .
543,The brown and black dog is jumping up to catch a red ball .
544,One black female and one white female plus three white males  all wearing forms of black  in front of a concrete stair structure with other people sitting on the stairs .
545,Two blond boys  one in a camouflage shirt and the other in blue  are having a water fight .
546,a brown dog jumping into a pool after a bloe ball .
547,A Mac laptop  open  on top of a blue chair in a room with a group of people sitting in a semicircle around it .
548,A man  a woman and a little girl stand on the beach by the water 's edge dressed in formal attire suitable for a wedding .
549,A man leans against a rock pillar with his back to an ongoing parade decorated with white and pink balloon arch .
550,Five girls and one boy are in their swimsuits all in the middle of jumping into the pool .
551,Restaurant workers smile as they take a break  gathered around a huge copper bowl in the kitchen .
552,A little boy with a pacifier in his mouth stands in a park with a goose .
553,A woman in a green tank top looking at a drill while a crowd looks on .
554,Twin toddlers dressed alike being pushed in plastic car strollers in a parade
555,Four men  one in a long blue robe  looking like they are doing laundry in a muddy pit in a 3rd world country .
556,A small boy smiles as he stands with others wearing the same black hats .
557,A family coming back from shopping and a gentlemen is reading his newspaper to the side of the street .
558,Two teenage girls jumping in a yard  with a two story brown building in the background  while holding each others right hand .
559,A woman with a red sleeveless top and a long black skirt holding one young child in her arm and holding another young child by the hand as she walks along .
560,A brown dog running through the grass and flowers .
561,A woman in a white hat is conversing with another woman with a bike on a busy street .
562,Colored woman rolling a bowling ball down an alley .
563,Two soccer players  one wearing a white uniform and the other in red  try to reach the soccer ball first .
564,Eleven men and women in cotton shirts and denim pants walk uphill along a shaded forest trail .
565,There are three young boys playing in a public park with a red ball .
566,A little boy wearing a purple shirt and blue jeans kicking a ball on the grass .
567,This picture of a man reading is tilted .
568,A man in a blue workers outfit with a yellow construction hat examines the side of a brick building from the top of a ladder .
569,Construction workers wearing bright orange suits are working on a road in the rain .
570,A festival is going on right outside a lake  with several drummers in red shirts and a man on stilts playing the drums .
571,A man in a white shirt with hot pads on is holding a tray with a variety of breads with a wooden fence behind him .
572,A small dog plays with a toy on top of a white blanket .
573,A dog running across a grassy field with a stick in its mouth .
574,A girl wearing glasses and a brown plaid long-sleeved shirt holds a cup and looks through a book with people photographs and text .
575,In a park  a boy is bent to read the tree description  and a girl is standing nearby waiting for him .
576,Two men in black clothes at a meat market showing a red meat while workers in blue look on .
577,Several children sit on a carnival ride in front of the face of a clown and several fake balloons .
578,A blond woman wearing glasses and a gray sweatshirt is cutting something with scissors .
579,A woman wearing a pink sweater and eyeglasses is wiping a wooden table with a pink sponge .
580,A man in a blue tee-shirt  wearing a cap  is riding a white horse down a dirt road  in a rural setting of grass and hills .
581,A woman cooks on the stove in her kitchen as her dog begs below .
582,Redhead woman in pigtails and glasses sewing on a sewing machine .
583,Two bald men in a bedroom with one man working on a desktop computer and the observing while seated on the bed next to him .
584,One dog is jumping into a pool while another runs along side the pool 's edge .
585,A young boy  wearing shorts and a red tank top  is sliding down a mountain of snow  riding a board on his belly .
586,A man and a woman locking arms ( wearing expensive clothing ) next to glass display ( perhaps retail stores ) on the sidewalk in an urban setting .
587,A man wearing an orange construction hat wipes his face  while another man in an orange construction hat hoists something up on a chain pulley  while standing in front of some fire .
588,A woman with an umbrella is sitting at a station  with an Aquos commercial on the wall .
589,Two people standing in front of a yellow building with a painted mural of an athlete  a rock group  and graffiti .
590,a man  a woman  and a younger girl are moving a device with a conveyor belt
591,A man wearing a construction hat and gloves works with machinery .
592,A homeless man holding up a sign with his request for money and his reasons for asking .
593,A young girl rides a unicycle next to another riding a scooter on a busy street .
594,Two climbers attempting to climb a steep  snow-covered peak  nearing the top  where two other climbers await them .
595,A man with a determined look on his face holds a small wooden hammer while wearing a bib displaying a large red crab  another red crustacean held in his hand while another man sits and holds some food behind him .
596,A family is standing on a stone bridge and watching the father jump off  there is a forest in the background .
597,A person in a brown jacket is sitting on a pier by the water reading .
598,A man playing a guitar and a man dancing are entertaining a couple sitting on a ledge by the street .
599,A half dozen construction workers stand beside a large piece of equipment .
600,A woman ventriloquist is playing with her colorful green and red dragon in a beautiful garden backdrop .
601,A group of mixed aged people are sitting on the sidewalk waiting in a line .
602,A woman in a jacket walks on the beach in someone 's footprints while holding her shoes in her hands .
603,A group of people  a wedding party including a bride and groom  are walking down a path lined by benches and surrounded by grass and trees .
604,A woman in a purple jacket is eating a snack at a table behind the tree .
605,A man in a white shirt and a woman in a black shirt are standing in front of a store .
606,A man in a black shirt and jeans walks beside a woman in black pants and a flowery shirt in front of a refreshment stand with others walking nearby .
607,A man wearing a blue jacket and glasses holds the handrail while climbing the stairs .
608,Three people dressed in white clothing in caps giving three other people dressed in white clothing and caps a piggyback ride .
609,A crowd of people are sitting on a bench beside a white statue of a man 's head in a park like setting while four pigeons look on .
610,A young female is sitting in a chair on the beach  while reading a book with her feet in the sand .
611,People are boarding a train that 's painted yellow on the front .
612,Two toddler boys  one in a plaid shirt  the other wearing a t-shirt and bib  are seated in yellow chairs embedded in a table .
613,A bunch of people with little white hats are sitting in a park .
614,A man is sitting in front of a computer monitor holding a keyboard and looking at the camera .
615,A little boy in a red shirt sitting on a wooden picnic table bench .
616,A man in a striped red polo shirt  tan khakis  and a Nike visor is surrounded by a crowd of onlookers as he finishes a golf swing .
617,Two men stand at a chalkboard that forms part of a stone wall in front of a number of tables and chairs of which only a few are occupied .
618,Some people with black belts  or black and red belts  are performing martial arts on a green mat .
619,Female black belt martial artists performs outside on a gray day with weapon on a mat while spectators and other martial artists including 3 children look on .
620,Several young adults performing in martial arts clothing .
621,A view from above of a young woman sitting behind a green both under a sign offering programs and ice cream .
622,Two dogs are playing rough in a green field of grass .
623,A boy in a blue shirt is posing in front of an igloo type building with a person dangling from a rope above the building .
624,A baby on the floor laughing at an older another child .
625,Inside a gymnasium  martial artists in protective gear face off with naginata pole arms .
626,A couple sits on a ledge to the left of a large tower of pink  purple and blue cotton candy .
627,a girl in yellow dress is standing with her eyes closed in a busy park .
628,Several men are working on tiles together while sitting on the floor .
629,A woman in a yellow hat  blue shorts and purple shirt sits with a woman wearing green shorts  a white shirt and pink hat on a stone wall .
630,A man on a utility lift is standing in the tree branches .
631,Two men with dark hair wearing glasses and black shirts eat bread while holding their hands up to the camera .
632,A man in some sort of establishment  smiling while he is taking off or putting on glasses .
633,A boy watches a woman walking amidst many concrete boxes .
634,A young child is doing a handstand out on the street .
635,A man in a gray and yellow jacket stands behind the counter at Boston Belle .
636,A man takes a picture of another man in an open area just off of a busy street .
637,An elderly man kayaking in a body of water with a cute bird on the corner of his little boat .
638,A clown in a red and green shirt  yellow tie  juggles four small balls .
639,A man in a pink plaid shirt  holds a blue object  a green object and a red object that are often used for juggling .
640,Five adults are playing cards while sitting outside at a picnic table in their backyard .
641,A man  woman  girl  and boy sit on a concrete bench by a beach .
642,Two men  in the woods  cook something in a can over an open fire .
643,Three men in cold-weather styled clothing walking down a road .
644,Men in pants and coats walk up a steep and narrow road .
645,Someone parasailing with a green parachute that has a face on the top of it
646,Two guys  one wearing a blue jacket and the other wearing a red jersey play the trumpet together .
647,Many people are climbing the mountain surrounded by pretty green trees .
648,Two policemen looking at a building from a distance by their car with binoculars .
649,Small children with dark hair  dressed in brown smocks with sandals make faces as they dance .
650,A young lady with brown hair is reading a compass while the man next to her points to a paper .
651,Two people outside cleaning windows while on a ledge of a boat .
652,Three children  baby in the center  sit in an outdoor swing chair .
653,A young boy prepares to field a baseball with people in the background .
654,Two young girls are playing and laughing in a green grassy yard .
655,People in black coats walk slowly through deep snow to approach a bridge in winter .
656,A construction worker in a yellow vest digs in the street while a second worker looks on .
657,Three men with yellow vests doing work on the side of a street with three blue and white trucks nearby .
658,Three men with reflective safety jackets are watching two men in reflective jackets put rocks into a hole in the road .
659,The journey is temporarily delayed by mechanical malfunctions .
660,A woman in a brown knee length skirt and a silk brown button up shirt is sitting on a stone bench at a art gallery fixing her skirt .
661,A young boy in orange and white swings in a playground at a park .
662,Two men wearing khaki pants are looking at a tree that has just been felled by a saw .
663,Construction workers working on a highway at night as people look to see what they are doing .
664,A man wearing sunglasses playing a silver guitar .
665,A group of people in a coffee shop at night have coffee and juice together .
666,Four people of all different walks to life share one park bench while one man plays the guitar .
667,A man and a woman are fishing on a small boat  in a lake surrounded by a bunch of trees .
668,A little boy is eating his food off of a spoon while sitting on a patio .
669,Four young Asian boys hold bowls and chopsticks as they stand around a barbecue .
670,A woman in a blue coat and blue heels walks down a city sidewalk at night .
671,A man and women outside  the women is in a boat and the man is holding something in his hand putting it up to the women 's mouth while wearing sunglasses .
672,A man in a gray shirt is operating the soundboard for a social gathering .
673,A man wearing glasses holds a flip phone in his hand while a woman wearing earrings stands behind him .
674,A brown dog and a black dog are standing against each other in some grass
675,The man in a red checkered shirt is having beer and playing frisbee in the park .
676,Two people are working the one guy is measuring and the other guy is watching
677,Native Americans are dressed up in native clothing and are participating in an activity together .
678,A man in white playing tennis is still in midair after jumping to hit the ball .
679,A dog leaps into the air in a grassy field surrounded by trees .
680,A lady wearing a green shirt stands on the window seal of a brick building as a young boy watches on .
681,Two girls are playing soccer and one is wearing a white shirt with green shorts showing the number 4  while the other girl is wearing a red and white shirt .
682,A toddler wearing a pacifier is sleeping on a red blanket with a teddy bear at his side .
683," A rickshaw puller in an Asian country smiling and making a "" thumbs up "" sign at the photographer ."
684,There is a little blond-hair girl with a green sweatshirt and a red shirt playing on a playground .
685,A constructions site on the side of the mountain with a bulldozer digging in the ground that is all dirt
686,A man holding another man by the back of the head about to punch him in the face .
687,Two men are wrestling  one has the other pinned to the floor and the man on the floor is wincing in pain .
688,Two men  one with a beard  red t-shirt  and black pants and the other one in a gray t-shirt and black pants  appear to be fighting .
689,A group of African American people dressed up have their hands together as if in prayer .
690,An old woman wearing a yellow jacket and blue jeans trying to choose some vegetables from a street stand .
691,Three women at a shopping mall  one has a dog  one is on her cellphone  one is playing with her necklace .
692,Two women donning hats adorned with flowers pose for a picture .
693,A young girl wearing a helmet and riding a brown horse .
694,A man in a black shirt shares something with a group of girls sitting on a bench .
695,An elderly man is smiling while sitting in front of a row of soda cans .
696,There are items hanging up in the background and then there are picnic tables made of wood and two big grills where people are cooking and a man watching .
697,A young girl in dark shorts and a blue tank top runs on the grass near an orange cone and tape .
698,An asian family is picnicking at the beach while others play in the water .
699,The two men are wearing tall hats  one hat is a red print and the other is gold colored .
700,A person in a blue shirt sits behind two people sitting on a wood bench .
701,A man wearing sunglasses is standing next to a person who is wearing a hat and breathing mask .
702,Three people  one with a black shirt  one with a navy blue jacket  and one with a red t-shirt  working in an office with a large messy bookshelf .
703,A swimming person is watching a child jump into a pool with blue water .
704,Child flips off pool diving board  man and another tumbling child at poolside .
705,A lady with an orange jacket is holding a walkie talkie  while another lady wearing a lime green jacket is standing near her looking at something in her hand and holding a cane .
706,An older man finishes the last touch up on his sculpture .
707,Large skillet full of soup boiling over an open campfire and woman rummaging in a cardboard box in background .
708,A young woman in a blue shirt stands  holding a young girl in a denim dress .
709,A man in blue shirt with a spatula is bending over to pick something up while grilling  as another man in red and black rain jacket leans on grill and watches .
710,A red liquids travels down a grate as it leaks across a street .
711,A group of people  of all ages  listening to a concert being performed by a solo practitioner .
712,Two dogs are playing in a grassy field ; one dog is biting the ear of the other dog .
713,A blond woman waring a straw hat  black halter top  gray shorts and black flip-flops sitting on the ground drawing on the sidewalk .
714,A man in a green t-shirt and long tan apron hacks apart the carcass of a cow while another man hoses away the blood .
715,A man with a large red feather in his hat is sitting on top of a horse .
716,Three people in a group of cars in what appears to be a city scene ; two of them carrying a large bottle and one is a female dressed in high heels .
717,The woman lacrosse player in blue is about to catch the ball .
718,A dog is wearing a red number 6 and running through a field of green grass while being chased by a bird .
719,A woman in a brown shirt is about to release a blue bowling ball into the aisle .
720,Two men  one looking at a screen with a drum next to him  while the other is a man dressed in a white shirt is talking into a microphone .
721,A large brown horse stands over a small black colt that is kneeling on the sand .
722,A young boy watching and admiring puppets in a puppet shop at the downtown convention center .
723,A man is sleeping on a hammock right next to a body of water .
724,A group of 11 smiling kids and young teens are divided into two groups  in a large  indoor swimming pool  with the back person in each group holding their arms up .
725,A man is sitting on a short stool  with his back turned to the camera  facing some stacked orange and yellow crates .
726,A man in strange outfit sits in a lawn chair near a Ben and Jerry 's stand .
727,A street performer strumming on his guitar  waiting for people to toss him tips .
728,A woman wearing black glasses is sharing sweets with a toddler girl wearing a princess hat .
729,A black and brown dog is laying on a white shaggy carpet .
730,A group of friends smile for a picture at the beach .
731,A little boy looks at his reflection in a burnished marble wall .
732,A group of people with bikes looking in the direction another young person is pointing .
733,A child in all pink is posing nearby a stroller with buildings in the distance .
734,A man in sunglasses talking to a blond woman in front of a store window .
735,A busy city scene with colorful lighted buildings and a lot of people walking on the street .
736,A woman in a blue jacket is bending down and holding out her arms for a little boy .
737,A bald white man wearing an apron dines alone at a restaurant table  set with a full meal and a bottle of wine .
738,A man wearing a white apron is sitting at a table with a meal in front of him .
739,Three chefs  wearing white hats and black aprons  are preparing food in a crowded kitchen .
740,A man wearing a blue shirt crouches on a rocky cliff .
741,A little girl wearing a yellow dress moves frantically in front of a crowded baseball stadium .
742,Three children in jackets looking at water 's edge looking at their reflections in a lake
743,A girl wearing a pink shirt lays on the green grass and looks up .
744," A man and woman are holding a sign that reads  "" Teaching Children for peace "" ."
745,Three people wearing colorful costumes and masks sitting between two stone statues .
746,Blurry picture of mountain biker descending rocky trail .
747,Three little blond girls  two in blue  one in pink  play on a sunny beach .
748,A little girl in a colorful dress is playing with a blue and red soccer ball .
749,A snarling brown and black dog corners a brown long-haired cat under a wooden bench .
750,Six people ride mountain bikes through a jungle environment .
751,A group of people attending either a concert or a party .
752,Two women sitting under a tent  one with shirt red-hair  dark clothes drinking and the other laying down playing the guitar in a green top and jean peddle pushers both barefoot .
753,A man with an axe chopping wood in front of a teepee .
754,A boy wearing a bike helmet  jeans  and a striped shirt and a girl wearing a green shirt and jeans ride bikes with training wheels down a sidewalk .
755,A woman and a young boy sit on a police motorcycle and smile for the camera .
756,A skinny shirtless man wearing sunglasses  a tiger scarf around his neck and a black belt and jeans is hammering on a metal rod .
757,A person with short hair and a scarf plays a strange-shaped instrument with a bow .
758,two men in a wooden boat  one wearing yellow and one wearing black  traveling on a smooth body of water .
759,A young man  with billowy red-hair  lines up his shot of the 9 ball on a pool table .
760,a man in a red outfit is riding a red motorbike uphill on a motocross circuit .
761,A child is taking a drink from a large cup with a straw being held by a woman .
762,Several women are gather around a table in a corner surrounded by bookshelves .
763,Three pairs of different-colored underwear hanging from a clothesline with people and cars in the background
764,Two blond women sit outside as people walk by wearing casual clothing and some wearing bookbags .
765,Two people  in bike gear  stand with bicycles near a rocky waterbed .
766,A girl wearing a pink shirt and overalls is smiling and there is another child that is out of focus .
767,a young boy wearing a clever black and white shirt with his head bowed down
768,The blue SUV was completely totaled in the accident and was towed away promptly .
769," A sign that displays "" Mongolian BBQ "" shines above two employees in white shirts and caps and green aprons ."
770,A small child in water with a splash encircling him while the white clouds float over the mountains .
771,Two young boys in swimming trunks are in the water looking at each other .
772,A big green tractor pulls a red attachment along a weeded area .
773,Three children are playing outdoors  two of them on a metal barrel swing .
774,A varied crowd mills about ( or rough-houses ) on a public street  with lots of bicycles on display .
775,Two individuals on a beach jumping up with their arms and legs spread wide open .
776,Three people sit at an outdoor table in front of a building painted like the Union Jack .
777,There are about a dozen of men in work clothes that are getting directions for a task .
778,The two young girls  one wearing a skirt and the other wearing shorts  are playing in a bubbling fountain .
779,A young boy wearing a white shirt is dangling from the monkey bars .
780,Three dogs on the beach  one has it 's mouth open .
781,A person in a red car  with a bridge in the background .
782,A young asian woman wearing long shorts and a gray collared t-shirt is sitting on a wooden bench .
783,A man in a plaid shirt with a laptop in his lap is sitting next to a table with a microscope and a circuit board on it .
784,Man dressed in coat  scarf  and hat painting a picture of a building on an easel in the streets .
785,a woman is sitting on a bench with a latte in her lap and a white dog on a blue leash to her side .
786,A man in a bright green shirt and sunglasses is riding a bicycle through the streets whilst drinking a latte .
787,A young musician playing a small guitar and singing  while sitting in a white plastic chair .
788,A woman with a blue shirt and blue shorts has her hand on a white taxi  as a boy in a green and white shirt walks beside her .
789,Baby with blond pigtails in yellow room attempting to climb out of green playpen .
790,A man in jeans and a blue long-sleeved shirt is on his phone while leaning on the edge of a building .
791,Children are climbing and digging in the sand at a makeshift playground  which features a structure made from tires .
792,A person in a red and black ski outfit is looking over a snowy  mountainous landscape .
793,A man in all white sitting cross-legged around big wide baskets of different vegetables in a market .
794,A skateboarder in a red baseball cap  black shirt and tan shorts skates alone in a wide open space .
795,A child is rock climbing while wearing a white safety helmet  white shirt  blue jacket  blue jeans and white sneakers .
796,The girl with the long brown hair and bangs in her face is holding her hand to her chest .
797,A woman in jeans and a hoodie on a subway sleeping while others ride along .
798,A girl with a ponytail is tying her shoes with a bent knee while on a grassy field .
799,A man wearing a yellow visor  yellow shirt and green shorts is in the air .
800,A little girl wrapped in a dark blanket smiles broadly and stirs a spoon in a pan while she stands beside a crowded kitchen counter .
801,A woman seated on the subway wearing blue jeans and a black shirt with small designs has her head bent down to her knees .
802,A young boy actively engaged in display model .
803,A man in a black shirt and blue pants jumps over a stack of wooden boxes .
804,a black and white dog walking through the grass with a long stick in his mouth .
805,bald man in what looks like to be a lab with a lady watching as he is mixing some liquids in clear cup containers
806,A young bearded man in a gray hooded sweatshirt stirs a pot with a wooden spoon .
807,A woman wearing a blue sweater sits at a table with a colorful tablecloth and clasps her hands together .
808,A woman works on a piece of computer equipment  while surrounded by a variety of mechanical and computer equipment  in what appears to be some type of laboratory workroom .
809,A skinny guy with long curly hair and glasses is wearing white gloves as he injects something in a bottle
810,The little boy fell face first into the grass while playing football .
811,Woman adjusting her boot near a large crowd of people at an outdoor event .
812,A birthday celebration taking place for a girl who has reached age 5 .
813,A green train getting ready to enter a tunnel  along with the train conductor who is wearing a blue hat and shirt .
814,A man looking at the back of a computer wires inspecting the job he has done .
815,A casually dressed man has several flutes into which he is pouring champagne .
816,A black dog runs after another black dog who is carrying a ball .
817,A young girl jumping off a concrete block  with her arms and hands in the air  above her head .
818,About 12 kids and a few adults get splashed by an off-camera source .
819,An native-looking older man is sitting and working on making an item that looks to be similar to his hat or bag which is beside him .
820,Blond-haired woman pulling apart a watermelon  sitting atop a marble table .
821,A crowd of men and women wait to board a train at a train station .
822,A young child dressed in a yellow plaid shirt and a blue hat  sits and stares out at the water .
823,A boy in a gray hooded sweater  looking at a school of fish at an aquarium .
824,Crosscountry skiers are traveling towards the mountains at sunset .
825,A man talks to several others behind a table in a restaurant kitchen .
826,One man in red shirt and black pants with a man in white shirt and tan shorts  golfing .
827,A woman in a blue shirt and pink sweater  with a slightly goofy expression  is sitting at a table where a game with miniature players and dice is being played .
828,A woman in shorts and a blue sleeveless shirt leans over a golf club .
829,A group of people wait in line in front of a counter .
830,The person towards the right is wearing riot uniform while people seem to be filing out .
831,A woman in a lavender sleeveless top and a nose ring is laughing while covering the eyes of another woman wearing a yellow striped shirt with her hands .
832,A woman is reading a newspaper and a boy is resting his head on a seat in a rail car .
833,People sit in a crowded stadium watching some sort of event - there is a woman with red-hair in the foreground and in the bottom left corner two people stare directly at the picture taker .
834,A topless person with a backpack is shown against on a pile of rocks with a cloudy background .
835,A boy dressed in khaki shorts and a red shirt runs on a beach with green  white and blue structures and a half moon behind him .
836,A tall gray pole behind which a person wearing an orange shirt is perched on the wall and hiding his or her face with one hand .
837,A man and a lady  carrying a gray bag on her shoulder  are walking among a crowd at a gathering .
838,A man in traditional orthodox Jewish dress is seen alone from behind .
839,A man in a blue sweater stares at the driver of a car on the street .
840,A man using a metal detector walking on the beach as people are in the water and on the beach .
841,A boy wearing a blue shirt is outdoors and is closely examining a found object with yellow tentacles pointing upwards .
842,Two children  a boy in a blue shorts suit and a girl in a blue jumper  have a conversation in the hallway of a church .
843,A waterskiing man does a flip behind a speedboat .
844,An man in khaki shorts and a white t-shirt is lifting a toddler onto the lap of a Jelly Belly .
845,A man is pulled behind a boat on a knee board while another doing the same begins to fall .
846,A african american man with a gray shirt seasoning meat on a barbecue grill .
847,An African child attempts a headstand on the front of a boat painted blue and white in water next to a field of crops .
848,Some young men looking over the edge of a bridge on a sunny day .
849,Two men are sitting on a park bench serenading people walking through the park at night .
850,two women and a child are sitting by a cart of arrows in front of a booth at a medieval Fayre .
851,There are several people and children looking into water with a blue tiled floor and goldfish .
852,There is a man wearing construction gear  standing next to a bulldozer that is picking up rubble and debris .
853,A beach scene with three boys in swim shorts each holding paddle ball racquets but no ball in sight .
854,A woman on a blue bike with a pink helmet rides by a public fountain as the sun rises over an urban area .
855,A rider in a red shirt rides his or her bike next to an outdoor fountain .
856,Two people with helmets are riding bikes in front of a building .
857,Two bicycle riders are riding along side railroad tracks .
858,A couple enjoy a beautiful day bicycling on a bike trail wearing bicycling safety helmets and gloves .
859,A bike riding couple dressed in bike gear and helmets take a minute to site on a bench to talk and park their bikes .
860,A bike rider with khaki green shorts  a blue shirt  backpack and helmet is riding on the street near a red station wagon that is missing a hubcap on the back drivers side .
861,A child with a blue safety helmet is standing near a blue bicycle .
862,Two little boys in yellow shirts are walking in grass and looking behind them .
863,A kid is pulling a man trying to get him to do something in front of a crowd of people .
864,A young girl in a black shirt and a blue helmet is sitting on a quad  or four wheeler  with her right hand on the handlebars .
865,Two little blond girls in helmets are sitting on a red ATV .
866,The boy is wearing a white baseball uniform and holding a baseball .
867,The back of a lady wearing a blue halter top is shown  a crowd in the distance .
868,A boy with his mouth open and tongue sticking out clinging to a bar next to a platform .
869,A pretty asian girl smiles from a window next to a neon takeout sign .
870,A Husky dog wearing green straps is turning its head away from the object in front of it .
871,A cartoon cutout of Snow White is standing in front of a store display window while a woman in a large hat is standing cross legged at the door .
872,A woman is serving a dish to another woman in a red and white dress .
873,Five sled dogs are pulling a person on a sled  through the snow .
874,A lone musician in black is on stage  playing an acoustic guitar and singing into a microphone .
875,A small boy is sitting in the water and water is splashing up through his legs .
876,A skinny person wearing and Mondesi jacket and jeans dress shoes is walking down the cemented bridge
877,A woman wearing a short-sleeved striped shirt and carrying a green shopping bag examines fish in an open air market while a vendor in a white apron over a gray t-shirt hands her an empty plastic bag .
878,A lady standing wearing black and has a black mohawk has her arm around a guy with a brown bucket hat  green cargo pants and black shirt .
879,a child reaches up into the air as a woman stands to his left and another person is seen wearing jeans to his right
880,A white dog with red straps on it is looking back .
881,Two dogs  one black and one white  face the camera in a field of snow .
882,A dog runs through the water as he looks up at the sky with his mouth open .
883,A dog takes a leap of faith as he jumps into a pool to grab an orange toy .
884,A white dog is jumping in the air attempting to catch a red ball .
885,The boy hops from one picnic table to the other in the park .
886,A woman with a small dog gazes at a man with a larger dog .
887,A man and a woman are at a beach with other people nearby  and the woman is touching the man 's face .
888,A young child in pink is pushing downed leaves as grass into a pile .
889,Woman in a green and white striped shit lying in a chair with a yellow bag  holding a folded piece of paper .
890,A blond lady is reaching for a light in IKEA .
891,Three young women in white dresses perform a twirling dance in front of a crowd .
892,A female swimmer in a black bathing suit about to jump off the racing platform into a pool .
893,Two swimmers race in a pool with a red line between them .
894,Two young  barefooted boys are standing outside next to an area covered with trash ; behind them are tall  green trees and shrubs .
895,A little boy is holding a green and yellow sponge while standing in front of a stove .
896,A woman crouches down next to her terrier dog to smile at a little girl sitting on the sidewalk .
897,A woman standing outside leaning against a shovel which is in a bucket as she stairs at a man with a green cap .
898,A man in a dirty hat and sweater works on a remodeling project .
899,A woman in a long black burqa walks toward a shopping area while a short-haired man with a beard walks beside her .
900,A large group of people are dining in a restaurant and smiling for the camera .
901,A woman with a black purse sitting in front of crystal clear water .
902,A man dressed in white overalls with a red cap  juggling a green ball and flaming torch  in front of a crowd of onlookers .
903,Standing man on phone with seated woman writing  near artist 's outdoor display .
904,A chihuahua on a leash stands outside a door grate  behind which the lower legs  skirt  and hand of the person holding the leash can be seen .
905,Roppolo 's Pizzeria serves is open at night and serving customers .
906,A woman drinking an iced beverage through a straw in a dimly lit room .
907,A man carrying a musical instrument and wearing a gray jacket  purple hat and purple scarf examines some money as he stands near a worn utility pole .
908,A female harp player peers through the middle of her instrument while performing .
909,A girl wearing a red and black striped shirt is sitting on a brick wall near a flower garden .
910,A person in jeans and a blue sweatshirt aims a camera while standing near a crowd of people .
911," A woman with a shopping bag labeled "" sale "" stands in a crowd next to a young man with a camera ."
912,A child in a black cape is being chased by other children .
913,A woman is staring outside to a man in a gray jacket not looking back at her .
914,A man is hiking on a mountain path with an American flag on his backpack .
915,A man sitting at a table wears a red sweater while two glasses of water rest on the table ; one glass is half empty .
916,A baker looks at the camera while leaning on his spatula at the oven door .
917,Employees at a sushi restaurant prepare for dinner time rush .
918,A young child is swung by his or her hands while another child sits on grass watching .
919,A man with sunglasses  a red hat and peach coveralls stands next to a large rope wound around a large spool .
920,A male adolescent or young teenager is wearing camouflaged shorts or long swim trunks and is upside down over a body of water like a lake or reservoir whose cement walls and graveled top appear in the corner .
921,There a several people in a dark bar-type room  including one girl on a stool .
922,Young man with glasses and two small pigtails on front of his hair with bloody face appears to be in Emergency room waiting area .
923,Six shirtless men are standing outside leaning on or standing near a fence .
924,One guy wearing a blue shirt and a cowboy hat is painting a picture  as tourists in the background walk .
925,A blond boy wearing a blue life vest and camo shorts jumps off a diveboard into a blue lake .
926,A boy in blue jeans is playing with a toy car on the lawn .
927,A security officer with a tiny face and big glasses leans on a metal gate looking into the camera .
928,An adult female with dark hair is holding a baby .
929,Man in suit is using his cellphone while sitting on a train .
930,A toddler is staring into the screen of a brightly colored orange and yellow video game in what appears to be a game center .
931,The boy in swim trunks is laying face down on a watery pavement .
932,Three boys in baggy bathing suits play in splashing water in front of a gray  block wall .
933,A young woman draped in a wool shawl intently spinning wool outdoors in early Spring .
934,A man and his friend hiking in a mountain near Bakersfield  California .
935,A man is standing in a forest practicing a martial art .
936,This picture is taken outside a bus with people of Asian descent riding along with open windows .
937,A man is being held by two men wearing security uniforms  while standing outside in front of a sign advertising for Samsung .
938,A girl wearing a black t-shirt is holding a small pizza in a kitchen setting .
939,Two people with backpacks hike up a rocky dirt path next to a conifer tree .
940,Blond child with dirty face holding yellow bottle with red cap  plants in background .
941,A married  left handed woman wearing a long-sleeved red shirt is applying makeup in mirror .
942,rugby player in white number 25 uniform jumps to catch ball as opponent in green number 29 tries to stop him .
943,A man in a bright yellow shirt plays his guitar as another man plays the drums in the background .
944,a transportation vehicle is carrying a crowd of people who are sitting and standing .
945,A cowboy in the rodeo arena holds on tightly as the bucking bronco tries to throw him off  while rodeo helpers and the audience look on .
946,There is a middle-sized white male sleeping in a chair holding a marker and a bottle .
947,A girl in a red and black leotard with white writing is standing next to a man in a cap and a girl in a hot pink and black and white checkered outfit .
948,A man in warm clothes swinging on monkey bars at night .
949,A food vendor is standing on the sidewalk next to his food cart looking at a black woman walking by .
950,A woman with a red jacket and her companion eating snacks .
951,A baby boy wearing a shoulder life saver is at the very edge of an orange pool slide .
952,Girl with green tank top standing in the middle of a train track with multicolor train cars to the right .
953,A young woman in jeans and a tank top standing on railroad tracks .
954,A fisherman is preparing his nets for his next haul .
955,A blond girl sits with her instrument looking off in the distance .
956,A dark-haired bearded man wearing a turquoise shirt with a yellow peace sign on it .
957,A woman in a floral print dress and a shaved head at a store .
958,Two dogs playing in a misty field filled with purple flowers
959,A goggled boy leaps from the edge into a shimmering pool with someone watching on in the background .
960,A dozen workers wearing uniforms & sanitation hats are working on an assembly line in a factory .
961,A man wearing a blue shirt and a plaid cloth wrapped around his waist is trying to obtain something from a tree by using a long pole .
962,Two kids wakeboarding simultaneously decide to signal for a high-five .
963,A man in a white shirt and black pants looks on as other people are seated at tables beneath green umbrellas .
964,Two women  one wearing jeans and one wearing a white skirt  are walking in a building .
965,People are going up towards a man in a white shirt .
966,Puppeteer wearing a purple sleeveless shirt showing off a puppet that looks like a black man with shades playing a saxophone .
967,Two motorists are riding along on their vehicle that is oddly designed and colored .
968,Two soccer players  one from a team wearing red and the other wearing white  are both going for the soccer ball  while people on the bleachers watch .
969,A worker is sweeping off a sidewalk 302 miles from Liverpool .
970,A young Asian boy is standing between to women while they cook meat on sticks .
971,A black dog  with a tennis ball in its mouth  swims through water .
972,Two men  one standing and one on a bicycle are talking outside a building .
973,Pedestrians walk through an open area between several traditional-style Japanese or Chinese buildings .
974,One adult and three children gathered on the floor looking at a picture on a digital camera .
975,A person wearing a hat and carrying a knapsack walks uphill on a sand dune under a dark  cloudy sky and leaves the only visible footprints behind .
976,A small male child running through the grass with a smile on his face .
977,A brown horse is nuzzling a smiling woman 's neck as her hair blows in the wind .
978,A young man and woman dressed in play chef 's hats are eating food at a table .
979,Girls with a blue bucket is playing and splashing in the ocean water .
980,A young boy running with a boogie board into the water
981,Three people stand in line waiting to buy something to eat at a fair booth selling Martins ' Famous Louisiana Sausage 's ( sic ) .
982,One girl is doing a handstand on an outdoor trampoline while another girl stands on the trampoline with one hand in the air .
983,The attractive young brunette girl in a red bikini jumps into a pool in the backyard .
984,A man selling many wicker chairs is pulling a cart of them through the street .
985,A black dog with a red collar walks through the grass with his mouth open and tongue hanging out .
986,Some children are playing on a trampoline  a boy in a red shirt is covering his face as he cries .
987,Four men and women in blue aprons strand in front of a table where there are many white plates and small blue bowls .
988,A person hanging from a telephone pole near the mountains .
989,A man wearing a gray shirt  blue jeans  glasses  and sneakers is teeing of a golf ball with a golf clove .
990,Two small puppies run along the edge of a stone wall nearby a heavily foliaged area .
991,A group of dogs is pulling a sled over snow as the sun sets .
992,A woman in a colorful dress drives a motorized chair past a corner on a city sidewalk  while a man in a long white t-shirt walks towards the road .
993,Young men and women sit at a wooden table on which several partially-drunk beverages have been placed ; the picture is interrupted by an outstretched hand  colored green in the odd light of the wood-paneled interior .
994,Two men near railroad tracks with a caboose coming by .
995,A little girl on the street in a yellowish green and orange dress is holding a Hello Kitty balloon with her right hand .
996,Two people  a boy in yellow and girl in brown  standing at the shore of a lake .
997,A shirtless man is fishing  standing on large rocks that rest next to a boardwalk with a tall lamp post in the forefront .
998,A young girl floats on her back in water and peers over her life jacket .
999,A woman in a dress is holding a camera next to another woman who is laughing .
